reference_id,tranche,tranche_label,title,date_taken,location,submitting_command,duration,verification,aaro_description,source_url
DOW-UAP-PR21,R01,"Release 01 - May 8, 2026","Unresolved UAP Report, Iraq, May 2022",2022-05,Iraq (page prints undisclosed location),U.S. Central Command,0:10,verified,Two areas of contrast move together near the centre of the sensor field of view throughout the clip.,https://www.dvidshub.net/video/1006059/
DOW-UAP-PR22,R01,"Release 01 - May 8, 2026","Unresolved UAP Report, Syria, July 2022",2022-07,Syria,U.S. Central Command,0:14,verified,"Fourteen seconds of dual-sensor footage from a military platform. The mission report described the UAP as moving from north to south, while the video shows an object crossing right to left through the upper right quadrant at about the five-second mark.",https://www.dvidshub.net/video/1006060/dow-uap-pr22-unresolved-uap-report-syria-july-2022
DOW-UAP-PR23,R01,"Release 01 - May 8, 2026","Unresolved UAP Report, Iraq, December 2022",2022-12,Iraq,U.S. Central Command,0:10,verified,Ten seconds of infrared footage from a U.S. military platform. The mission report characterises the phenomenon as flying west to east; the video shows an area of contrast moving from bottom left to top right of the field of view.,https://www.dvidshub.net/video/1006062/
DOW-UAP-PR46,R01,"Release 01 - May 8, 2026","Unresolved UAP Report, INDOPACOM, 2024",2024 (per title),INDOPACOM AOR,U.S. Indo-Pacific Command,0:09,partial,9 seconds of infrared footage of an unidentified object within the INDOPACOM area of responsibility.,https://www.dvidshub.net/video/1006106/dow-uap-pr46-unresolved-uap-report-indopacom-2024
DOW-UAP-PR47,R01,"Release 01 - May 8, 2026","Unresolved UAP Report, INDOPACOM, 2023",2023 (per title),INDOPACOM AOR,U.S. Indo-Pacific Command,1:59,partial,Nearly two minutes of infrared footage tracking an unidentified object in the INDOPACOM AOR.,https://www.dvidshub.net/video/1006107/dow-uap-pr47-unresolved-uap-report-indopacom-2023
DOW-UAP-PR49,R01,"Release 01 - May 8, 2026","Unresolved UAP Report, Department of the Army, 2026",2026,Not disclosed,Department of the Army,1:49,verified,"Infrared sensor pans between two areas of contrast, rapidly zooms in/out, and cycles contrast settings. No observer description was provided with the original report.",https://www.war.gov/Multimedia/Videos/videoid/1006111/
DOW-UAP-PR051,R02,"Release 02 - May 22, 2026","""Syrian UAP instant acceleration""",01.01.2021 (DVIDS field),Syria,U.S. Central Command,5:02,verified,"Infrared clip AARO says was heavily digitally altered before upload (replayed at 50%/25% speed, inverted, re-zoomed) prior to reaching a classified network in June 2024; original raw excerpt runs 2:52.",https://www.dvidshub.net/video/1007707/dow-uap-pr051-syrian-uap-instant-acceleration
DOW-UAP-PR052,R02,"Release 02 - May 22, 2026","""UAP USO Formation [CALLSIGN] (Mission)""","06.01.2024 (= upload date, not incident date)",Undisclosed location,Unspecified platform,8:16,verified,"Infrared clip shows 4 areas of contrast in a formation, with multiple apparent video cuts and contrast/zoom changes; AARO notes it was digitally altered before upload.",https://www.dvidshub.net/video/1007708/dow-uap-pr052-uap-uso-formation-callsign-mission
DOW-UAP-PR053,R02,"Release 02 - May 22, 2026","""Cigar Shaped or Fast Spherical UAP clip 15 OCT 22""",2022-10-15,Undisclosed (CENTCOM),U.S. Central Command,0:21,verified,"An area of contrast moves across the field of view, shown in real time plus two slower replays. Digitally altered before being uploaded to a classified network in June 2024.",https://www.dvidshub.net/video/1007709/
DOW-UAP-PR054,R02,"Release 02 - May 22, 2026","""Spherical UAP Erratic movement [CALLSIGN] (Mission) 2022""",2022-08,EUCOM area of responsibility,U.S. European Command,3:57,verified,"The sensor tracks an area of contrast throughout, with intermittent framing. Digitally altered prior to upload.",https://www.dvidshub.net/video/1007711/
DOW-UAP-PR055,R02,"Release 02 - May 22, 2026","""Spherical UAP over AFG in and out of clouds, 23 Nov 2020""",2020-11-23,Afghanistan operations area,U.S. Central Command,0:47,verified,"An area of contrast transits the frame, presented first with zoomed, sharpened, motion-tracked enhancement at reduced speed, then as the original unmodified footage.",https://www.dvidshub.net/video/1007713/
DOW-UAP-PR056,R02,"Release 02 - May 22, 2026","""Spherical UAP pulsing over water [CALLSIGN]""",2024-06,Undisclosed,AARO,3:32,verified,"An area of contrast stays generally centred across three segments, with a brief sensor contrast-mode switch mid-sequence.",https://www.dvidshub.net/video/1007718/
DOW-UAP-PR057a,R02,"Release 02 - May 22, 2026","""Spherical UAP in clouds""",01.01.2023 (DVIDS field),At sea,Unspecified platform (INDOPACOM),1:10,verified,"Infrared footage tracking a spherical contrast area. AARO flags this as a DUPLICATE of PR57b, which a different uploader labeled ""East China Sea, 05 Jan 2023"" - the sea named here (Yellow Sea) reflects one uploader's title, not a confirmed location.",https://www.dvidshub.net/video/1007720/dow-uap-pr057a-spherical-uap-clouds
DOW-UAP-PR058,R02,"Release 02 - May 22, 2026","""[CALLSIGN] (Mission) UAP""",2024 (per prior report),INDOPACOM AOR,U.S. Indo-Pacific Command,4:48,verified,"The sensor tracks an area of contrast; three segments at 8x speed, stabilised original speed, and unmodified original, with quality degrading in the final section. Uploaded to a classified network June 2024, digitally altered prior to upload.",https://www.dvidshub.net/video/1007723/dow-uap-pr058-callsign-mission-uap
DOW-UAP-PR059,R02,"Release 02 - May 22, 2026","""NAG UAP 1 Jun 20""",06.01.2020 (DVIDS field),Undisclosed location,U.S. Central Command,4:51,verified,"Infrared sensor zooms/pans to track one area of contrast for nearly 5 minutes, applying a targeting reticle for a sustained ~3-minute stretch.",https://www.dvidshub.net/video/1007727/dow-uap-pr059-nag-uap-1-jun-20
DOW-UAP-PR060,R02,"Release 02 - May 22, 2026","""Spherical UAP [CALLSIGN] 2021/04/12 obj 2""",2021-04-12,CENTCOM area of responsibility,U.S. Central Command,4:50,verified,"Full-motion video and infrared footage; the contrast transits right to left, re-enters, and the sensor pans left and up to track it.",https://www.dvidshub.net/video/1007734/
DOW-UAP-PR061,R02,"Release 02 - May 22, 2026","""Spherical UAP [CALLSIGN] 2021/04/12 vid 0""",04.12.2021 (per title),CENTCOM AOR,U.S. Central Command,4:46,verified,An area of contrast enters from upper right and is tracked across the frame. After about a minute the sensor changes modes as the contrast becomes indistinct.,https://www.dvidshub.net/video/1007735/dow-uap-pr061-spherical-uap-callsign-2021-04-12-vid-0
DOW-UAP-PR062,R02,"Release 02 - May 22, 2026","""Spherical UAP [CALLSIGN] 2021/04/12 vid 1""",2021-04-12,CENTCOM area of responsibility,U.S. Central Command,4:49,verified,Colour and infrared footage; the sensor tracks a high-contrast area through panning and zoom. Lacked established chain-of-custody documentation.,https://www.dvidshub.net/video/1007739/
DOW-UAP-PR063,R02,"Release 02 - May 22, 2026","""Spherical UAP [CALLSIGN] 2021/04/12 vid 2""",2021-04-12,CENTCOM area of responsibility,U.S. Central Command,4:49,verified,The sensor tracks an area of contrast for roughly 50 seconds before panning away.,https://www.dvidshub.net/video/1007740/
DOW-UAP-PR064,R02,"Release 02 - May 22, 2026","""AFSOC Kabul UAP Jul 2017""",2017-07,Afghanistan,U.S. Air Force Special Operations Command,0:17,verified,"An area of contrast enters the field of view at the left edge and exits right, visible for roughly one second of the clip. Uploaded to a classified network in June 2024 though recorded in 2017.",https://www.dvidshub.net/video/1007741/
DOW-UAP-PR068,R02,"Release 02 - May 22, 2026","""UAP Captured by Fifth-Gen Aircraft, 20 Jan 23""",01.20.2023 (per title),NORTHCOM AOR,U.S. Northern Command,1:03,verified,"A sensor tracks an area of contrast, keeping it generally centred, which briefly moves in and out of frame from the top as the sensor pans; a second area of contrast becomes visible in the upper right at 48 seconds. Source note: the DVIDS Date Taken field reads 23 Jan 2020 while the title and IIR reference indicate 20 Jan 2023 — a conflict within the source record itself, recorded here rather than resolved.",https://www.dvidshub.net/video/1007780/dow-uap-pr068-iir-1-666-s0151-23-video-footage-unidentified-aerial-phenomenon-uap-captured-fifth-generation-aircraft
DOW-UAP-PR069,R02,"Release 02 - May 22, 2026","""F/A-18 FLIR UAP""",2022 (per prior report),NORTHCOM AOR,U.S. Northern Command,0:29,partial,Short FLIR clip from an F/A-18 briefly locking a reticle onto an object before losing track.,https://www.dvidshub.net/video/1007781/dow-uap-pr069-f-18-flir-uap
DOW-UAP-PR070,R02,"Release 02 - May 22, 2026","""IIR 1 655 S0301 23 / Eglin AFB Aircrew Observed UAP, 13 Feb 23""",2023-02-13,NORTHCOM area of responsibility,U.S. Northern Command,0:30,verified,"The sensor pans to keep an area of contrast centred, cycling contrast modes several times; at 22 seconds the contrast loses distinctiveness against the background.",https://www.dvidshub.net/video/1007783/
DOW-UAP-PR071,R02,"Release 02 - May 22, 2026","USAF ANG F-16C Shoots Down UAP over Lake Huron, 12 Feb 2023",02.12.2023 (per title),Lake Huron / NORTHCOM,U.S. Northern Command / Air National Guard,0:46,verified,"At about 20 seconds the footage appears to depict a kinetic interaction between two areas of contrast, the initial subject fragmenting in a radial displacement pattern. AARO notes the material lacked a substantiated chain of custody.",https://www.dvidshub.net/video/1007784/dow-uap-pr071-usaf-ang-f-16c-callsign-callsign-shoots-down-uap-over-lake-huron-with-weapon-system-12-feb
DOW-UAP-PR089,R02,"Release 02 - May 22, 2026","""31 AUG [CALLSIGN] Observes UAP, part 2""",2020-08-31,Undisclosed,AARO,4:58,verified,Multiple areas of contrast move through frame; the sensor tracks one near centre as others enter and exit. AARO notes the material lacks a substantiated chain of custody.,https://www.dvidshub.net/video/1007712/
DOW-UAP-PR091,R02,"Release 02 - May 22, 2026","""21 AUG [CALLSIGN] Observes UAP in Persian Gulf""",2020-08-21,Persian Gulf,U.S. Central Command,4:48,verified,An area of contrast transits the frame; the sensor zooms and pans until the object becomes indistinguishable from video noise. Lacks a substantiated chain of custody.,https://www.dvidshub.net/video/1007716/
DOW-UAP-PR092,R02,"Release 02 - May 22, 2026","""08 AUG 2020 [CALLSIGN] UAP observation""",2020-08-08,Undisclosed,AARO,4:52,verified,An area of contrast enters the field of view and the sensor tracks and zooms repeatedly over roughly four minutes. Uploaded to a classified network in August 2020.,https://www.dvidshub.net/video/1007715/
DOW-UAP-PR093,R02,"Release 02 - May 22, 2026","""May 05 2020 Gulf of Arabia [CALLSIGN] Dual UAP""",2020-05-05,Gulf of Arabia,U.S. Central Command,0:30,verified,The sensor pans to track an area of contrast; several areas of contrast then enter and exit the field of view as contrast settings adjust. Companion clip to PR095 from the same event.,https://www.dvidshub.net/video/1007721/
DOW-UAP-PR094,R02,"Release 02 - May 22, 2026","""[CALLSIGN] (Mission) - HD 2020-02-13""",2020-02-13,Undisclosed (CENTCOM),U.S. Central Command,4:59,verified,"Electro-optical and infrared footage; an area of contrast moves through frame with multiple pan, zoom and modality adjustments.",https://www.dvidshub.net/video/1007722/
DOW-UAP-PR095,R02,"Release 02 - May 22, 2026","""May 05 2020 Gulf of Arabia [CALLSIGN] Dual UAP""",2020-05-05,Gulf of Arabia,U.S. Central Command,4:49,verified,Multiple distinct areas of contrast tracked and magnified; the objects move in and out of frame before departing at lower right around 1:47. Longer companion clip to PR093.,https://www.dvidshub.net/video/1007725/
DOW-UAP-PR096,R02,"Release 02 - May 22, 2026","""HH11 03 July 2018 UAPs""",2018-07-03,Undisclosed,AARO,1:19,verified,Multiple areas of contrast enter and exit frame with tracking and zoom; the distance between the rightmost and the centre-left areas appears to increase. Lacks a substantiated chain of custody.,https://www.dvidshub.net/video/1007726/
DOW-UAP-PR097,R02,"Release 02 - May 22, 2026","""Hi-Res: [CALLSIGN] Observes UAP on 25SEP19 at 2135Z""",2019-09-25,Undisclosed,AARO,4:59,verified,Areas of contrast tracked and magnified across multiple zoom and contrast settings over roughly five minutes.,https://www.dvidshub.net/video/1007728/
DOW-UAP-PR098,R02,"Release 02 - May 22, 2026","""UFOs in Formation over Persian Gulf?""",10.2019 (per title),Persian Gulf / CENTCOM,U.S. Central Command,17:36,verified,Extended infrared footage; areas of contrast tracked with progressive zoom and pan. Uploaded to a classified network in October 2019.,https://www.dvidshub.net/video/1007737/dow-uap-pr098-ufos-formation-over-persian-gulf
DOW-UAP-PR099,R02,"Release 02 - May 22, 2026","""Hi-Res: [CALLSIGN] Observes UAP on 25SEP19 at 1715Z""",2019-09-23,CENTCOM area of responsibility,U.S. Central Command,4:51,verified,Areas of contrast move through frame. Uploaded to a classified network in November 2019; lacks documented chain of custody.,https://www.dvidshub.net/video/1007738/
DOW-UAP-PR024,R04,"Release 04 - July 10, 2026","Unresolved UAP Report, Middle East, 2023",2023,Middle East (undisclosed),U.S. Central Command,0:18,verified,"Begins on a dark area of contrast; two bright areas transit left to right, the sensor zooms out to keep them in frame, then refocuses on the original dark area with a reticle overlay.",https://www.dvidshub.net/video/1014100/
DOW-UAP-PR030,R04,"Release 04 - July 10, 2026","Unresolved UAP Report, Middle East, 2023",2023,Middle East (undisclosed),U.S. Central Command,0:10,verified,"Two areas of contrast cross the field of view between six and seven seconds; one enters bottom-right and exits at the top, the other enters at the top and exits at the bottom.",https://www.dvidshub.net/video/1014102/
DOW-UAP-PR100,R04,"Release 04 - July 10, 2026","Unresolved UAP Report, Yellow Sea, 2023",2023,Yellow Sea,U.S. Indo-Pacific Command,4:45,verified,"Electro-optical and infrared footage; IR tracking of an area of contrast, a switch to electro-optical mode showing a dark object against a blue background, then further IR tracking with zoom and contrast changes. A footage discontinuity occurs around 3:28.",https://www.dvidshub.net/video/1014096/
DOW-UAP-PR101,R04,"Release 04 - July 10, 2026","Unresolved UAP Report, South China Sea, 2024",2024,South China Sea,U.S. Indo-Pacific Command,1:46,verified,Infrared footage tracking an elongated area of contrast; a further zoom reveals multiple contrast areas forming a line moving diagonally across the field of view.,https://www.dvidshub.net/video/1014097/
DOW-UAP-PR102,R04,"Release 04 - July 10, 2026","Unresolved UAP Report, East China Sea, 2024",2024,East China Sea,U.S. Indo-Pacific Command,0:36,verified,"The sensor tracks a centred area of contrast, which then exits the top of the field of view; the remainder shows repeated zoom adjustments with no observable content.",https://www.dvidshub.net/video/1014098/
DOW-UAP-PR103,R04,"Release 04 - July 10, 2026","Unresolved UAP Report, East China Sea, 2024",2024,East China Sea,U.S. Indo-Pacific Command,1:16,verified,"The sensor pans to track an area of contrast, keeping it generally centred, with an auto-tracking reticle surrounding it from 12 seconds to the end.",https://www.dvidshub.net/video/1014099/
DOW-UAP-PR104,R04,"Release 04 - July 10, 2026","Unresolved UAP Report, Yellow Sea, 2025",2025,Yellow Sea,U.S. Indo-Pacific Command,0:15,verified,"The sensor pans to track an area of contrast resembling a six-pointed star, keeping it generally centred.",https://www.dvidshub.net/video/1014101/
DOW-UAP-PR105,R04,"Release 04 - July 10, 2026","Unresolved UAP Report, East China Sea, 2025",2025,East China Sea,U.S. Indo-Pacific Command,4:59,verified,"Tracks an area of contrast with black rectangular overlays briefly present; the sensor intermittently loses definition, pans several times and zooms to follow the contrast across the frame.",https://www.dvidshub.net/video/1014103/
DOW-UAP-PR106,R04,"Release 04 - July 10, 2026","Unresolved UAP Report, Eastern United States, 2020",2020,Eastern United States,U.S. Northern Command,0:05,verified,"Supporting document DOW-UAP-D089 describes the object as quite small, moving in a constant direction, indistinguishable in shape, metallic in appearance with a reflective underside. AARO notes the media was digitally altered before being reported.",https://www.dvidshub.net/video/1014104/
DOW-UAP-PR107,R04,"Release 04 - July 10, 2026","Unresolved UAP Report, Eastern United States, 2020",2020,Eastern United States,U.S. Northern Command,0:23,verified,An area of contrast repeatedly leaves and re-enters the sensor field of view as the sensor pans and adjusts zoom to follow it.,https://www.dvidshub.net/video/1014105/
DOW-UAP-PR109,R04,"Release 04 - July 10, 2026","Unresolved UAP Report, Eastern United States, 2015",2015,Eastern United States,U.S. Navy UAPTF (transferred to AARO in 2022),0:21,verified,"An area of contrast crosses the field from right to left and exits the upper left corner, followed by a slower-speed replay. AARO notes no formal data handling practices for UAP records existed at the time.",https://www.dvidshub.net/video/1014108/
DOW-UAP-PR110,R04,"Release 04 - July 10, 2026","Unresolved UAP Report, Eastern United States, 2020",2020,Eastern United States,U.S. Northern Command,0:22,verified,"An area of contrast becomes visible and is tracked by an auto-tracking reticle, gradually increases in angular size, then exits the field of view.",https://www.dvidshub.net/video/1014112/
DOW-UAP-PR111,R04,"Release 04 - July 10, 2026","Unresolved UAP Report, Eastern United States, 2020",2020,Eastern United States,U.S. Northern Command,1:00,verified,Several small areas of contrast enter and exit the field of view. An auto-tracking reticle engages on one while others periodically appear; the display then cycles between black screens and normal function.,https://www.dvidshub.net/video/1014114/
DOW-UAP-PR112,R04,"Release 04 - July 10, 2026","Unresolved UAP Report, Eastern United States, 2019",2019,Eastern United States,U.S. Navy,0:20,verified,"Captured aboard a civilian aircraft. The accompanying debrief records the observer describing flight characteristics unlike anything seen in 28 years of Air Force and Navy service, and the object as small and travelling in a straight line at high speed.",https://www.dvidshub.net/video/1014128/
DOW-UAP-PR113,R04,"Release 04 - July 10, 2026","Unresolved UAP Report, Western United States, 1996",1996,Western United States,AARO (via U.S. Navy UAPTF),2:56,verified,"An area of contrast transits the field of view, entering near the upper right corner and exiting opposite. The remainder is frame-by-frame repetition at standard and slower speeds. AARO notes the media was digitally altered before submission.",https://www.dvidshub.net/video/1014119/
DOW-UAP-PR114,R04,"Release 04 - July 10, 2026","Unresolved UAP Report, Atlantic Ocean, 2016",2016,Atlantic Ocean,U.S. Northern Command,0:39,verified,"The sensor zooms and pans to keep an area of contrast centred, then switches modes with a white reticle on it. Tracking stops and the object exits frame right before another area of contrast enters.",https://www.dvidshub.net/video/1014121/
DOW-UAP-PR115,R04,"Release 04 - July 10, 2026","Unresolved UAP Report, Gulf of America, 2019",2019,Gulf of America,U.S. Air Force,0:08,verified,"An area of contrast near the centre of the field of view, partly obscured by heads-up display elements, which the sensor zooms and pans to track; the contrast visually flickers. AARO notes a source at ambient temperature can appear to blend or flicker as auto-gain adjusts.",https://www.dvidshub.net/video/1014123/
DOW-UAP-PR116,R04,"Release 04 - July 10, 2026","Unresolved UAP Report, Atlantic Ocean, 2020",2020,Atlantic Ocean,U.S. Northern Command,0:32,verified,"An object described as a darker, maroonish colour, approximately 12 to 15 feet in height, travelling with the wind without manoeuvring — resembling a large, somewhat deformed balloon.",https://www.dvidshub.net/video/1014124/
NASA-UAP-D026,R04,"Release 04 - July 10, 2026","Apollo 14 Debriefing, 1971",1971-02-18,"Manned Spacecraft Center, Houston, Texas",NASA (via AARO),1:36:31,verified,"First part of the Apollo 14 post-mission debriefing. Crew and debriefers discuss the light flash phenomena — a then-novel, now well-documented biological effect in which high-energy cosmic rays strike the retina and are perceived as streaks or flashes.",https://www.dvidshub.net/video/1014107/
NASA-UAP-D027,R04,"Release 04 - July 10, 2026","Apollo 14 Debriefing (continued), 1971",1971-02-18,"Manned Spacecraft Center, Houston, Texas",NASA (via AARO),32:05,verified,"Second part of the Apollo 14 post-mission crew debriefing, continuing the discussion of the light flash phenomena.",https://www.dvidshub.net/video/1014110/
NASA-UAP-D028,R04,"Release 04 - July 10, 2026","Apollo 17 Crew Medical Debriefing, 1972",1972-12-21,"Manned Spacecraft Center, Houston, Texas",NASA (via AARO),53:10,verified,First part of the Apollo 17 post-mission medical debriefing. Two of the three crew members reported experiencing the light flash phenomena during mission phases including lunar orbit and surface operations.,https://www.dvidshub.net/video/1014116/
NASA-UAP-D029,R04,"Release 04 - July 10, 2026","Apollo 17 Crew Medical Debriefing (continued), 1972",1972-12-21,"Manned Spacecraft Center, Houston, Texas",NASA (via AARO),50:46,verified,"Second part of the Apollo 17 post-mission medical debriefing, continuing the examination of the light flash phenomena.",https://www.dvidshub.net/video/1014117/
(unassigned ID),R05,"Release 05 - Aug 7, 2026",2025 Middle East Populated-Area Clip,2025,Middle East (populated area),U.S. Central Command,N/A,unverified,Infrared clip showing an object crossing the sensor's field of view rapidly over a populated area; remains labeled unresolved. [Editor's note: this entry's source could not be confirmed against the primary record; treat with caution pending review.],https://www.war.gov/UFO/
DOW-UAP-PR117,R05,"Release 05 - Aug 7, 2026","Unresolved UAP Report, Gulf of Oman, 2021",2021-09-08,Gulf of Oman,"U.S. Central Command (AC-130J Gunship, U.S. Special Operations Forces)",0:16,verified,"An area of contrast remains generally within the centre of the sensor field-of-view. Part of the Gulf of Oman 'cold orbs' series. Secondary recording of an infrared sensor display rather than native sensor data, which limits fidelity. The accompanying intelligence report (DOW-UAP-D101) describes the objects as 'cold orbs' roughly four feet in diameter.",https://www.dvidshub.net/video/1017793/
DOW-UAP-PR118,R05,"Release 05 - Aug 7, 2026","Unresolved UAP Report, Gulf of Oman, 2021 (1 of 6 clips, PR117-PR122 series)",09.2021 (DVIDS field),Gulf of Oman,"AC-130J Gunship (USSOF, CENTCOM)",0:30,verified,"Secondary cellphone capture of an AC-130J's infrared sensor display during a live-fire exercise. Accompanying report DOW-UAP-D101 describes 'cold orbs' ~4 ft in diameter; crew reported ~25 instances moving 250-1300 mph in formation, appearing to react when the aircraft fired its cannon.",https://www.dvidshub.net/video/1017795/dow-uap-pr118-unresolved-uap-report-gulf-oman-2021
DOW-UAP-PR119,R05,"Release 05 - Aug 7, 2026","Unresolved UAP Report, Gulf of Oman, 2021",2021-09-08,Gulf of Oman,"U.S. Central Command (AC-130J Gunship, U.S. Special Operations Forces)",0:02,verified,"Two-second clip, the shortest in the series. Part of the Gulf of Oman 'cold orbs' series. Secondary recording of an infrared sensor display rather than native sensor data, which limits fidelity. The accompanying intelligence report (DOW-UAP-D101) describes the objects as 'cold orbs' roughly four feet in diameter.",https://www.dvidshub.net/video/1017798/
DOW-UAP-PR120,R05,"Release 05 - Aug 7, 2026","Unresolved UAP Report, Gulf of Oman, 2021",2021-09-08,Gulf of Oman,"U.S. Central Command (AC-130J Gunship, U.S. Special Operations Forces)",0:13,verified,"Captured on a cellular device pointed at the sensor display; the area of contrast becomes less distinct when the sensor switches display modes. Part of the Gulf of Oman 'cold orbs' series. Secondary recording of an infrared sensor display rather than native sensor data, which limits fidelity. The accompanying intelligence report (DOW-UAP-D101) describes the objects as 'cold orbs' roughly four feet in diameter.",https://www.dvidshub.net/video/1017800/
DOW-UAP-PR121,R05,"Release 05 - Aug 7, 2026","Unresolved UAP Report, Gulf of Oman, 2021",2021-09-08,Gulf of Oman,"U.S. Central Command (AC-130J Gunship, U.S. Special Operations Forces)",0:34,verified,"Part of the Gulf of Oman 'cold orbs' series. Secondary recording of an infrared sensor display rather than native sensor data, which limits fidelity. The accompanying intelligence report (DOW-UAP-D101) describes the objects as 'cold orbs' roughly four feet in diameter.",https://www.dvidshub.net/video/1017802/
DOW-UAP-PR122,R05,"Release 05 - Aug 7, 2026","Unresolved UAP Report, Gulf of Oman, 2021",2021-09-08,Gulf of Oman,"U.S. Central Command (AC-130J Gunship, U.S. Special Operations Forces)",0:26,verified,"Areas of thermal contrast move within the field-of-view across three time segments, with sensor adjustments at the 8-second mark. Part of the Gulf of Oman 'cold orbs' series. Secondary recording of an infrared sensor display rather than native sensor data, which limits fidelity. The accompanying intelligence report (DOW-UAP-D101) describes the objects as 'cold orbs' roughly four feet in diameter.",https://www.dvidshub.net/video/1017803/
DOW-UAP-PR123,R05,"Release 05 - Aug 7, 2026","Unresolved UAP Report, Pacific Ocean, 2019",2019,Pacific Ocean,U.S. Navy (transferred to AARO in 2022),1:04,verified,"An area of contrast appears, disappears and reappears; the sensor pans and zooms to track it from 0:08 to 1:04. Not native primary sensor data — the secondary recording method limits fidelity and resolution.",https://www.dvidshub.net/video/1017805/
DOW-UAP-PR124,R05,"Release 05 - Aug 7, 2026","Unresolved UAP Report, Pacific Ocean, 2019",2019,Pacific Ocean,U.S. Navy (transferred to AARO in 2022),0:53,verified,"Secondary infrared footage; the area of contrast is centred, then zoomed on before losing distinctiveness. AARO notes artifacts inherent to filming a screen, and that the media was digitally altered before being reported.",https://www.dvidshub.net/video/1017806/
DOW-UAP-PR134,R05,"Release 05 - Aug 7, 2026","Unresolved UAP Report, Middle East, 2025",2025,Middle East (undisclosed location),U.S. Central Command,1:39,verified,"Electro-optical and infrared footage; the sensor pans to track an area of contrast from left to right across the background, keeping it generally centred.",https://www.dvidshub.net/video/1017792/
DOW-UAP-PR136,R05,"Release 05 - Aug 7, 2026","Unresolved UAP Report, Middle East, 2023",2023,Middle East,U.S. Central Command,0:33,verified,The sensor tracks an area of contrast and then zooms in. Platform occlusions obscure portions of the display.,https://www.dvidshub.net/video/1017796/
DOW-UAP-PR142,R05,"Release 05 - Aug 7, 2026","Unresolved UAP Report, Middle East, 2025",2025,Middle East,U.S. Central Command,0:11,verified,"An area of contrast enters the sensor field-of-view from the left edge, transits left to right, and exits the right edge of the frame.",https://www.dvidshub.net/video/1017797/
DOW-UAP-PR149,R05,"Release 05 - Aug 7, 2026","Unresolved UAP Report, Middle East, 2023",2023,Middle East,U.S. Central Command,0:51,verified,An area of contrast transits the frame from the bottom right to the lower left edge in the opening seconds; the sensor then tracks it centre-frame for the remainder.,https://www.dvidshub.net/video/1017799/
FBI-UAP-PR007,R05,"Release 05 - Aug 7, 2026","""Slow-moving Objects"", Western United States, 2026",2026,Western United States,"U.S. Government Special Agent (FBI submission, case FBI-UAP-D032)",0:10,verified,"Thermal imaging showing two slow-moving 'black-hot' areas of contrast in infrared, captured by a U.S. Government Special Agent. Documented as FBI-UAP-D032.",https://www.dvidshub.net/video/1017801/
DOW-UAP-PR133,R06,"Release 06 - Sep 18, 2026","Unresolved UAP Report, Middle East, 2025",2025,Middle East,U.S. Central Command,4:58,verified,Infrared sensor footage tracking an area of contrast through repeated magnification and panning changes. The accompanying mission report (DOW-UAP-D107) characterises the object as looking like “a white round orbit… moving as fast as 500 miles per hour.”,https://www.dvidshub.net/video/1023396/
DOW-UAP-PR135,R06,"Release 06 - Sep 18, 2026","Unresolved UAP Report, Middle East, 2025",2025,Middle East,U.S. Central Command,0:59,verified,"Infrared footage of six small spherical objects grouped together, described as showing agile directional changes at an estimated 480 mph. This is the clip most widely reported in coverage of the sixth release.",https://www.dvidshub.net/video/1023397/
DOW-UAP-PR140,R06,"Release 06 - Sep 18, 2026","Unresolved UAP Report, Middle East, 2022",2022,Middle East,U.S. Central Command,1:47,verified,"Electro-optical and infrared tracking of an object the accompanying report describes as travelling at various speeds between 80 and 180 mph, with multiple sensor mode switches during the track.",https://www.dvidshub.net/video/1023398/
DOW-UAP-PR141,R06,"Release 06 - Sep 18, 2026","Unresolved UAP Report, Middle East, 2022",2022,Middle East,U.S. Central Command,2:36,verified,Companion clip to PR140 from the same 2022 Middle East series; object again reported at speeds between 80 and 180 mph.,https://www.dvidshub.net/video/1023400/
DOW-UAP-PR143,R06,"Release 06 - Sep 18, 2026","Unresolved UAP Report, Yellow Sea, 2023",2023,Yellow Sea,U.S. Indo-Pacific Command,0:19,verified,Short infrared clip; the sensor tracks an area of contrast held near the centre of frame. AARO states the description carries no analytical judgement as to the object's nature.,https://www.dvidshub.net/video/1023403/
DOW-UAP-PR144,R06,"Release 06 - Sep 18, 2026","Unresolved UAP Report, Yellow Sea, 2023",2023,Yellow Sea,U.S. Indo-Pacific Command,0:27,verified,Infrared sensor footage from a U.S. military platform tracking an area of contrast.,https://www.dvidshub.net/video/1023404/
DOW-UAP-PR148,R06,"Release 06 - Sep 18, 2026","Unresolved UAP Report, East China Sea, 2023",2023,East China Sea,U.S. Indo-Pacific Command,0:59,verified,"First three seconds contain no discernible content; from roughly 4 to 46 seconds the sensor pans to track an area of contrast held generally centre-frame, then increases magnification while continuing to track.",https://www.dvidshub.net/video/1023405/
DOW-UAP-PR150,R06,"Release 06 - Sep 18, 2026","Unresolved UAP Report, Yellow Sea, 2023",2023,Yellow Sea,U.S. Indo-Pacific Command,0:57,verified,57 seconds of infrared footage from a sensor aboard a U.S. military platform.,https://www.dvidshub.net/video/1023406/
DOW-UAP-PR151,R06,"Release 06 - Sep 18, 2026","Unresolved UAP Report, Yellow Sea, 2023",2023,Yellow Sea,U.S. Indo-Pacific Command,0:49,verified,"Infrared footage of an area of contrast tracked across frame, with the sensor adjusting magnification during the recording.",https://www.dvidshub.net/video/1023408/
DOW-UAP-PR152,R06,"Release 06 - Sep 18, 2026","Unresolved UAP Report, Yellow Sea, 2023",2023,Yellow Sea,U.S. Indo-Pacific Command,1:38,verified,Longest of the five Yellow Sea clips in this tranche; infrared sensor tracking of an area of contrast.,https://www.dvidshub.net/video/1023410/
DOW-UAP-PR159,R06,"Release 06 - Sep 18, 2026","Historical Film of Reported UFOs, Utah, 1952",1952-07-02,"Tremonton, Utah",AARO (Project Blue Book case material),1:10,verified,"The Tremonton film — a group of bright airborne objects filmed by U.S. Navy Chief Warrant Officer Delbert C. Newhouse on 2 July 1952, subsequently reviewed by Project Blue Book. One of the most analysed pieces of film in the history of official U.S. UFO investigation.",https://www.dvidshub.net/video/1023402/
DOW-UAP-PR160,R06,"Release 06 - Sep 18, 2026","Presentation by Captain Edward J. Ruppelt, 1952 (audio)",1952-03-26,N/A (Air Force briefing),AARO,1:05:13,verified,"The sole audio file in this tranche and a long-sought recording: Capt. Edward J. Ruppelt, first director of Project Blue Book, briefing on the reorganisation of the Air Force's UFO investigation. He states that of roughly 800 cases about 20% remained unexplained after technical analysis, notes that reports clustered near nuclear weapons facilities, and describes silent high-speed flight with radar-indicated speeds between 1,000 and 3,500 mph.",https://www.dvidshub.net/video/1023407/
LLE-UAP-PR001,R06,"Release 06 - Sep 18, 2026","Unresolved UAP Report, Colorado, October 2023",2023-10,Colorado,Local law enforcement (via AARO),1:19,verified,"Smartphone footage submitted by a law enforcement officer showing red, blue and green flashing lights, reported as silent. AARO cautions that phone autofocus and automated image processing may distort apparent shape and motion, particularly at high magnification.",https://www.dvidshub.net/video/1023409/
LLE-UAP-PR002,R06,"Release 06 - Sep 18, 2026","Unresolved UAP Report, Colorado, October 2023",2023-10,Colorado,Local law enforcement (via AARO),1:19,verified,"Second of four Colorado law-enforcement clips; rear-facing smartphone camera, digitally altered to protect privacy. Same red/blue/green flashing lights, reported silent.",https://www.dvidshub.net/video/1023412/
LLE-UAP-PR003,R06,"Release 06 - Sep 18, 2026","Unresolved UAP Report, Colorado, October 2023",2023-10,Colorado,Local law enforcement (via AARO),0:27,verified,Third Colorado clip; a light source kept centre-frame at increasing magnification.,https://www.dvidshub.net/video/1023414/
LLE-UAP-PR004,R06,"Release 06 - Sep 18, 2026","Unresolved UAP Report, Colorado, October 2023",2023-10,Colorado,Local law enforcement (via AARO),1:42,verified,"Fourth Colorado clip; a largely stationary light source, with focus shifts caused by passing vehicles.",https://www.dvidshub.net/video/1023416/
